{"acc": 0.5287221570926143, "F-1 score": 0.5287221570926143,"Train loss":1.241, "epochs": 600, "dropout": 0.1, "lr": 0.0012, "cluster_number": 200, "cluster_batch": 1, "hidden": 8, "nb_heads": 4, "patience": 100}