{"acc": 0.47526377491207505, "F-1 score": 0.47526377491207505, "Train loss":1.4, "epochs": 400, "dropout": 0.1, "lr": 0.0012, "cluster_number": 200, "cluster_batch": 1, "hidden": 8, "nb_heads": 4, "patience": 100}