{"acc": 0.6008888340225912, "F-1 score": 0.6008888340225912,"Train loss":1.2262, "epochs": 364, "dropout": 0, "lr": 0.0015, "cluster_number": 200, "cluster_batch": 1, "hidden": 8, "nb_heads": 4, "patience": 100}