{"acc": 0.6280476513795444, "F-1 score": 0.6280476513795444, "Train Loss": 1.4844, "Valid Loss": 1.0134, "Valid ACC": 0.6178,"epochs": 3530, "dropout": 0, "lr": 0.002, "cluster_number": 300, "cluster_batch": 3, "hidden": 8, "nb_heads": 4, "patience": 200}