{"acc": 0.6254468733516967, "F-1 score": 0.6254468733516967, "Train loss":1.114,"epochs": 600, "dropout": 0, "lr": 0.0012, "cluster_number": 300, "cluster_batch": 1, "hidden": 8, "nb_heads": 4, "patience": 100}