{"acc": 0.6226923753150091, "F-1 score": 0.6226923753150091,"Train loss":1.0602, "epochs": 1000, "dropout": 0, "lr": 0.0012, "cluster_number": 300, "cluster_batch": 1, "hidden": 8, "nb_heads": 4, "patience": 100}