{"acc": 0.6098475967174678, "F-1 score": 0.6098475967174678,"Train loss":1.3171, "epochs": 200, "dropout": 0, "lr": 0.0015, "cluster_number": 200, "cluster_batch": 1, "hidden": 8, "nb_heads": 4, "patience": 100}