{"acc": 0.570787811451968, "F-1 score": 0.570787811451968,"Train Loss": 2.3901, "Valid Loss": 1.017, "Valid ACC": 0.5482, "epochs": 10000, "dropout": 0, "lr": 0.002, "cluster_number": 300, "cluster_batch": 3, "hidden": 20, "nb_heads": 4, "patience": 200}