{"acc": 0.6143024618991794, "F-1 score": 0.6143024618991794, "Train loss":1.23, "epochs": 400, "dropout": 0, "lr": 0.0012, "cluster_number": 200, "cluster_batch": 1, "hidden": 8, "nb_heads": 4, "patience": 100}