{"acc": 0.6147127784290739, "F-1 score": 0.6147127784290739,"Train loss":1.4, "epochs": 400, "dropout": 0, "lr": 0.001, "cluster_number": 200, "cluster_batch": 1, "hidden": 8, "nb_heads": 4, "patience": 100}